qubits,keyspace,target,noise_type,noise_strength,oracle_queries,success_probability,effective_cost,classical_attempts,advantage_factor
4,16,11,amplitude_damping,0.0,3,0.9613189697270632,3.120712369643301,9.33,2.9897019958511666
4,16,11,amplitude_damping,0.001,3,0.928651023857238,3.2304923194282633,9.33,2.88810468419601
4,16,11,amplitude_damping,0.005,3,0.809516648318209,3.705915136189694,9.33,2.51759677626963
4,16,11,amplitude_damping,0.01,3,0.6834679766513512,4.389379023576919,9.33,2.125585407385702
4,16,11,amplitude_damping,0.02,3,0.4914296373653082,6.10463792148117,9.33,1.5283461722061085
4,16,11,amplitude_damping,0.05,3,0.19885478663136,15.08638565266948,9.33,0.6184383864235296
4,16,11,amplitude_damping,0.1,3,0.0636100401767492,47.16236606145963,9.33,0.19782722494969002
4,16,11,bit_flip,0.0,3,0.9613189697277452,3.120712369641087,9.33,2.9897019958532876
4,16,11,bit_flip,0.001,3,0.9142767283003572,3.2812822498249603,9.33,2.843400625014111
4,16,11,bit_flip,0.005,3,0.7508875993552925,3.995271732514669,9.33,2.3352604339949594
4,16,11,bit_flip,0.01,3,0.5925292379950351,5.063041294217346,9.33,1.8427659301645591
4,16,11,bit_flip,0.02,3,0.3820916612245235,7.851519162668011,9.33,1.188305066408268
4,16,11,bit_flip,0.05,3,0.1434900588252961,20.907371734041863,9.33,0.4462540829466709
4,16,11,bit_flip,0.1,3,0.0748449602943606,40.0828591290741,9.33,0.23276782651546143
4,16,11,depolarizing,0.0,3,0.961318969728032,3.120712369640156,9.33,2.9897019958541793
4,16,11,depolarizing,0.001,3,0.9006369046568456,3.330976095347813,9.33,2.80098077348279
4,16,11,depolarizing,0.005,3,0.697988218128905,4.298066818437268,9.33,2.170743358380894
4,16,11,depolarizing,0.01,3,0.5150588532391226,5.824577096643385,9.33,1.6018330335736712
4,16,11,depolarizing,0.02,3,0.2972834206709991,10.0913801154087,9.33,0.9245514382868072
4,16,11,depolarizing,0.05,3,0.1021121269274858,29.379468338079263,9.33,0.31756871474448084
4,16,11,depolarizing,0.1,3,0.0658843784628435,45.53431435483445,9.33,0.20490041701944325
4,16,11,phase_damping,0.0,3,0.9613189697272562,3.1207123696426744,9.33,2.9897019958517665
4,16,11,phase_damping,0.001,3,0.9474114893513108,3.166522713434781,9.33,2.9464497318825766
4,16,11,phase_damping,0.005,3,0.8939651846621178,3.3558353853946525,9.33,2.7802317242991865
4,16,11,phase_damping,0.01,3,0.8318118766394808,3.6065847149478043,9.33,2.5869349363487855
4,16,11,phase_damping,0.02,3,0.721510237269062,4.1579451614645,9.33,2.243896837906783
4,16,11,phase_damping,0.05,3,0.4790733467237787,6.262089136279423,9.33,1.4899181083109518
4,16,11,phase_damping,0.1,3,0.2608293865692473,11.501771481579333,9.33,0.8111793922303591
4,16,11,phase_flip,0.0,3,0.9613189697276688,3.1207123696413346,9.33,2.9897019958530504
4,16,11,phase_flip,0.001,3,0.9070588691553932,3.307392829743726,9.33,2.820953083073273
4,16,11,phase_flip,0.005,3,0.7225280542340693,4.152087911908433,9.33,2.2470622486679557
4,16,11,phase_flip,0.01,3,0.5503735373041984,5.450843466592512,9.33,1.711661701016057
4,16,11,phase_flip,0.02,3,0.3347613331482299,8.961608474272689,9.33,1.041107746090995
4,16,11,phase_flip,0.05,3,0.1193026567631774,25.146129025065818,9.33,0.37103126253348173
4,16,11,phase_flip,0.1,3,0.069337700739622,43.26650534989105,9.33,0.21564024930022443
6,64,43,amplitude_damping,0.0,6,0.996585680788256,6.020556100358838,35.45,5.888160397323946
6,64,43,amplitude_damping,0.001,6,0.9027981987482024,6.646003512545163,35.45,5.334032690937296
6,64,43,amplitude_damping,0.005,6,0.6116307190201121,9.8098408294674,35.45,3.613718164877163
6,64,43,amplitude_damping,0.01,6,0.3813862150536596,15.732084074291523,35.45,2.2533568872753724
6,64,43,amplitude_damping,0.02,6,0.1566667619476542,38.29784904857312,35.45,0.9256394518407236
6,64,43,amplitude_damping,0.05,6,0.0195226746441404,307.3349379307952,35.45,0.11534646935579622
6,64,43,amplitude_damping,0.1,6,0.0045769460223692,1310.9177977358302,35.45,0.027042122748831363
6,64,43,bit_flip,0.0,6,0.9965856807902594,6.0205561003467345,35.45,5.888160397335783
6,64,43,bit_flip,0.001,6,0.8596258844969765,6.979780516394052,35.45,5.0789562675696365
6,64,43,bit_flip,0.005,6,0.487904656161753,12.297484609392301,35.45,2.882703343489024
6,64,43,bit_flip,0.01,6,0.254957830116244,23.533303516367372,35.45,1.5063758462701418
6,64,43,bit_flip,0.02,6,0.0864547721192389,69.4004489622015,35.45,0.5108036119378365
6,64,43,bit_flip,0.05,6,0.0200004875023108,299.99268764357754,35.45,0.11816954699281965
6,64,43,bit_flip,0.1,6,0.0158085594519729,379.54122374200284,35.45,0.09340223876207322
6,64,43,depolarizing,0.0,6,0.9965856807911672,6.020556100341251,35.45,5.888160397341147
6,64,43,depolarizing,0.001,6,0.8274901187304434,7.2508418701184665,35.45,4.889087451499036
6,64,43,depolarizing,0.005,6,0.4056045948891625,14.792731827013915,35.45,2.396447148136802
6,64,43,depolarizing,0.01,6,0.180320484940652,33.274089751781396,35.45,1.0653935318576857
6,64,43,depolarizing,0.02,6,0.0508951743036354,117.88936931828967,35.45,0.3007056548439792
6,64,43,depolarizing,0.05,6,0.0167633725217099,357.92320383201667,35.45,0.09904359264910267
6,64,43,depolarizing,0.1,6,0.0156450613887991,383.5076035109476,35.45,0.09243623770548802
6,64,43,phase_damping,0.0,6,0.9965856807888416,6.0205561003553,35.45,5.888160397327407
6,64,43,phase_damping,0.001,6,0.9573244811824912,6.267467423990635,35.45,5.656192142986553
6,64,43,phase_damping,0.005,6,0.8163313629812016,7.349956490815566,35.45,4.823157802947266
6,64,43,phase_damping,0.01,6,0.6711638061898505,8.939695413645108,35.45,3.9654594882383667
6,64,43,phase_damping,0.02,6,0.4590308778005612,13.071016112791584,35.45,2.7121074363383157
6,64,43,phase_damping,0.05,6,0.1632587899681854,36.75146680414104,35.45,0.9645873507286955
6,64,43,phase_damping,0.1,6,0.0454141674422329,132.1173620023319,35.45,0.2683220393045261
6,64,43,phase_flip,0.0,6,0.9965856807901388,6.020556100347464,35.45,5.888160397335071
6,64,43,phase_flip,0.001,6,0.8494508026010034,7.063387286971895,35.45,5.018838492034262
6,64,43,phase_flip,0.005,6,0.4607409812403279,13.022501241039658,35.45,2.7222112974949377
6,64,43,phase_flip,0.01,6,0.2291205558077186,26.18708731238977,35.45,1.3537206172306042
6,64,43,phase_flip,0.02,6,0.0731294632618385,82.0462742700179,35.45,0.43207324543869585
6,64,43,phase_flip,0.05,6,0.0186358956623275,321.9593041685145,35.45,0.11010708353825166
6,64,43,phase_flip,0.1,6,0.0157337739743159,381.34525192712886,35.45,0.09296038123158311
8,256,171,amplitude_damping,0.0,12,0.9999470421069804,12.000635528372479,126.95,10.578606416290096
8,256,171,amplitude_damping,0.001,12,0.7757367074604764,15.4691661289103,126.95,8.206647917675623
8,256,171,amplitude_damping,0.005,12,0.2902226366312674,41.34756729967344,126.95,3.0703136433616165
8,256,171,amplitude_damping,0.01,12,0.0920589444697479,130.3512664534558,126.95,0.9739069167028748
8,256,171,amplitude_damping,0.02,12,0.0129397968325093,927.3715928716747,126.95,0.1368922673239213
8,256,171,amplitude_damping,0.05,12,0.0008911842274957,13465.229331673625,126.95,0.009427986473381594
8,256,171,amplitude_damping,0.1,12,0.000495893485916,24198.744974102552,126.95,0.005246139836419684
8,256,171,bit_flip,0.0,12,0.99994704211201,12.000635528312117,126.95,10.578606416343307
8,256,171,bit_flip,0.001,12,0.6831882009080201,17.56470615864105,126.95,7.227561842106096
8,256,171,bit_flip,0.005,12,0.1709741958476021,70.18602977197918,126.95,1.8087645135710906
8,256,171,bit_flip,0.01,12,0.041159027927046,291.55207507013745,126.95,0.4354282162782075
8,256,171,bit_flip,0.02,12,0.0073457299955836,1633.6021072398032,126.95,0.0777117019116115
8,256,171,bit_flip,0.05,12,0.0039471027019574,3040.2046529088543,126.95,0.04175705733445767
8,256,171,bit_flip,0.1,12,0.0039066260830397,3071.704264735503,126.95,0.04132884843682416
8,256,171,depolarizing,0.0,12,0.9999470421143728,12.00063552828376,126.95,10.578606416368302
8,256,171,depolarizing,0.001,12,0.6247668092540994,19.207166293495387,126.95,6.60951220290066
8,256,171,depolarizing,0.005,12,0.1111612018893684,107.95133370312809,126.95,1.17599288165461
8,256,171,depolarizing,0.01,12,0.0201694345602294,594.9596635525868,126.95,0.21337580978509352
8,256,171,depolarizing,0.02,12,0.0048123629776225,2493.5774910994933,126.95,0.0509107900007647
8,256,171,depolarizing,0.05,12,0.0039111763857101,3068.130612529591,126.95,0.0413769868471581
8,256,171,depolarizing,0.1,12,0.00390625619995,3071.995124168661,126.95,0.04132493538197104
8,256,171,phase_damping,0.0,12,0.999947042108528,12.000635528353905,126.95,10.578606416306469
8,256,171,phase_damping,0.001,12,0.9042804805473588,13.270218984198829,126.95,9.566533917123934
8,256,171,phase_damping,0.005,12,0.6099104695255808,19.67501887503949,126.95,6.45234450885604
8,256,171,phase_damping,0.01,12,0.3800003745001093,31.578916246558983,126.95,4.020087295232407
8,256,171,phase_damping,0.02,12,0.1573815591477656,76.24781495990388,126.95,1.6649657444840704
8,256,171,phase_damping,0.05,12,0.0195489371458864,613.8441138998245,126.95,0.2068114642225232
8,256,171,phase_damping,0.1,12,0.0048416875195255,2478.4746953632475,126.95,0.05122101921698018
8,256,171,phase_flip,0.0,12,0.9999470421118608,12.000635528313907,126.95,10.578606416341728
8,256,171,phase_flip,0.001,12,0.6724247641863516,17.84586267360373,126.95,7.1136936511214435
8,256,171,phase_flip,0.005,12,0.1587062827249505,75.6113733745303,126.95,1.678980215994372
8,256,171,phase_flip,0.01,12,0.0363595750162913,330.03686084403546,126.95,0.38465400402651506
8,256,171,phase_flip,0.02,12,0.0066997735919586,1791.1053015885482,126.95,0.07087802145826202
8,256,171,phase_flip,0.05,12,0.003939428760023,3046.1269211858876,126.95,0.04167587342374332
8,256,171,phase_flip,0.1,12,0.003906529912853,3071.77988334824,126.95,0.0413278310363907
