qubits,keyspace,target,noise_type,noise_strength,oracle_queries,success_probability,classical_attempts,threshold_reached,advantage_factor
4,16,11,amplitude_damping,0.0,2.0,0.9084472656253372,9.33,True,4.665
4,16,11,amplitude_damping,0.001,2.0,0.8862177582042015,9.33,True,4.665
4,16,11,amplitude_damping,0.005,,0.5448674055307924,9.33,False,
4,16,11,amplitude_damping,0.01,,0.3645304141301299,9.33,False,
4,16,11,amplitude_damping,0.02,,0.1801123831497668,9.33,False,
4,16,11,amplitude_damping,0.05,,0.0531871012014703,9.33,False,
4,16,11,amplitude_damping,0.1,,0.0293551141166712,9.33,False,
4,16,11,bit_flip,0.0,2.0,0.908447265625812,9.33,True,4.665
4,16,11,bit_flip,0.001,2.0,0.8755072705340406,9.33,True,4.665
4,16,11,bit_flip,0.005,,0.4640484830666757,9.33,False,
4,16,11,bit_flip,0.01,,0.2802180413711777,9.33,False,
4,16,11,bit_flip,0.02,,0.1368615176645478,9.33,False,
4,16,11,bit_flip,0.05,,0.0699952423791188,9.33,False,
4,16,11,bit_flip,0.1,,0.0628567465380119,9.33,False,
4,16,11,depolarizing,0.0,2.0,0.908447265625988,9.33,True,4.665
4,16,11,depolarizing,0.001,2.0,0.8655372385472162,9.33,True,4.665
4,16,11,depolarizing,0.005,,0.4068078398497481,9.33,False,
4,16,11,depolarizing,0.01,,0.2243336535377084,9.33,False,
4,16,11,depolarizing,0.02,,0.1054966697513353,9.33,False,
4,16,11,depolarizing,0.05,,0.0647775751398997,9.33,False,
4,16,11,depolarizing,0.1,,0.0625298576346324,9.33,False,
4,16,11,phase_damping,0.0,2.0,0.90844726562546,9.33,True,4.665
4,16,11,phase_damping,0.001,2.0,0.898296014082347,9.33,True,4.665
4,16,11,phase_damping,0.005,2.0,0.8588995960827495,9.33,True,4.665
4,16,11,phase_damping,0.01,,0.6051233184357503,9.33,False,
4,16,11,phase_damping,0.02,,0.4467110308696584,9.33,False,
4,16,11,phase_damping,0.05,,0.2084934325244065,9.33,False,
4,16,11,phase_damping,0.1,,0.1003649714925388,9.33,False,
4,16,11,phase_flip,0.0,2.0,0.90844726562574,9.33,True,4.665
4,16,11,phase_flip,0.001,2.0,0.8686092009627209,9.33,True,4.665
4,16,11,phase_flip,0.005,,0.4480202466387424,9.33,False,
4,16,11,phase_flip,0.01,,0.2641186910229538,9.33,False,
4,16,11,phase_flip,0.02,,0.1276473423970562,9.33,False,
4,16,11,phase_flip,0.05,,0.068423417239657,9.33,False,
4,16,11,phase_flip,0.1,,0.0627270135069924,9.33,False,
6,64,43,amplitude_damping,0.0,5.0,0.963515481620404,35.45,True,7.090000000000001
6,64,43,amplitude_damping,0.001,5.0,0.8856351911261469,35.45,True,7.090000000000001
6,64,43,amplitude_damping,0.005,,0.106935290819907,35.45,False,
6,64,43,amplitude_damping,0.01,,0.0594103362313713,35.45,False,
6,64,43,amplitude_damping,0.02,,0.0240454079539708,35.45,False,
6,64,43,amplitude_damping,0.05,,0.0059023849349688,35.45,False,
6,64,43,amplitude_damping,0.1,,0.0034587829572607,35.45,False,
6,64,43,bit_flip,0.0,5.0,0.9635154816220612,35.45,True,7.090000000000001
6,64,43,bit_flip,0.001,6.0,0.8596258844969765,35.45,True,5.908333333333334
6,64,43,bit_flip,0.005,,0.1125018426529519,35.45,False,
6,64,43,bit_flip,0.01,,0.0604543771251655,35.45,False,
6,64,43,bit_flip,0.02,,0.0265808692929036,35.45,False,
6,64,43,bit_flip,0.05,,0.0159528460301429,35.45,False,
6,64,43,bit_flip,0.1,,0.0156277636035596,35.45,False,
6,64,43,depolarizing,0.0,5.0,0.9635154816227768,35.45,True,7.090000000000001
6,64,43,depolarizing,0.001,,0.1749121317380927,35.45,False,
6,64,43,depolarizing,0.005,,0.0792169631496843,35.45,False,
6,64,43,depolarizing,0.01,,0.0394418090976244,35.45,False,
6,64,43,depolarizing,0.02,,0.0196990089157289,35.45,False,
6,64,43,depolarizing,0.05,,0.0156633038545513,35.45,False,
6,64,43,depolarizing,0.1,,0.01562502655607,35.45,False,
6,64,43,phase_damping,0.0,5.0,0.963515481620876,35.45,True,7.090000000000001
6,64,43,phase_damping,0.001,5.0,0.929987914393498,35.45,True,7.090000000000001
6,64,43,phase_damping,0.005,,0.1868425849607798,35.45,False,
6,64,43,phase_damping,0.01,,0.1551077166383583,35.45,False,
6,64,43,phase_damping,0.02,,0.1074437000181666,35.45,False,
6,64,43,phase_damping,0.05,,0.0431779586159098,35.45,False,
6,64,43,phase_damping,0.1,,0.0201797357821,35.45,False,
6,64,43,phase_flip,0.0,5.0,0.9635154816219452,35.45,True,7.090000000000001
6,64,43,phase_flip,0.001,,0.1938815472389619,35.45,False,
6,64,43,phase_flip,0.005,,0.1078280746192815,35.45,False,
6,64,43,phase_flip,0.01,,0.056924681425491,35.45,False,
6,64,43,phase_flip,0.02,,0.0252891235854049,35.45,False,
6,64,43,phase_flip,0.05,,0.0158921911285543,35.45,False,
6,64,43,phase_flip,0.1,,0.015626846370696,35.45,False,
8,256,171,amplitude_damping,0.0,9.0,0.8606760445996025,126.95,True,14.105555555555556
8,256,171,amplitude_damping,0.001,,0.0432462285170613,126.95,False,
8,256,171,amplitude_damping,0.005,,0.0305277764616412,126.95,False,
8,256,171,amplitude_damping,0.01,,0.0105242286897579,126.95,False,
8,256,171,amplitude_damping,0.02,,0.001953186108929,126.95,False,
8,256,171,amplitude_damping,0.05,,0.0005915835056279,126.95,False,
8,256,171,amplitude_damping,0.1,,0.0004851908772427,126.95,False,
8,256,171,bit_flip,0.0,9.0,0.8606760446029428,126.95,True,14.105555555555556
8,256,171,bit_flip,0.001,,0.0870822000198454,126.95,False,
8,256,171,bit_flip,0.005,,0.0357353918845405,126.95,False,
8,256,171,bit_flip,0.01,,0.0096622835549886,126.95,False,
8,256,171,bit_flip,0.02,,0.0042506079681018,126.95,False,
8,256,171,bit_flip,0.05,,0.0039074780678737,126.95,False,
8,256,171,bit_flip,0.1,,0.0039062505775279,126.95,False,
8,256,171,depolarizing,0.0,9.0,0.8606760446044331,126.95,True,14.105555555555556
8,256,171,depolarizing,0.001,,0.0590000854020515,126.95,False,
8,256,171,depolarizing,0.005,,0.01869696293448,126.95,False,
8,256,171,depolarizing,0.01,,0.0057345095496583,126.95,False,
8,256,171,depolarizing,0.02,,0.0039657394447113,126.95,False,
8,256,171,depolarizing,0.05,,0.0039062692351304,126.95,False,
8,256,171,depolarizing,0.1,,0.0039062500002635,126.95,False,
8,256,171,phase_damping,0.0,9.0,0.8606760446005998,126.95,True,14.105555555555556
8,256,171,phase_damping,0.001,10.0,0.8567253018483675,126.95,True,12.695
8,256,171,phase_damping,0.005,,0.0874530277900268,126.95,False,
8,256,171,phase_damping,0.01,,0.0722174170223492,126.95,False,
8,256,171,phase_damping,0.02,,0.0337656602609484,126.95,False,
8,256,171,phase_damping,0.05,,0.0062175268938234,126.95,False,
8,256,171,phase_damping,0.1,,0.0039959209421209,126.95,False,
8,256,171,phase_flip,0.0,9.0,0.8606760446028102,126.95,True,14.105555555555556
8,256,171,phase_flip,0.001,,0.0858769896598328,126.95,False,
8,256,171,phase_flip,0.005,,0.0340352938513663,126.95,False,
8,256,171,phase_flip,0.01,,0.0092303199028848,126.95,False,
8,256,171,phase_flip,0.02,,0.0042262645448434,126.95,False,
8,256,171,phase_flip,0.05,,0.0039074314687974,126.95,False,
8,256,171,phase_flip,0.1,,0.0039062504423785,126.95,False,
